{
  "breakout_close_vs_upper": 0.45600223541259766,
  "close_position": 0.26362890005111694,
  "volume_ratio": 0.15150079131126404,
  "lower_slope_pct": 0.05845345929265022,
  "zone_width": 0.030266044661402702,
  "breakout_body_pct": 0.021895533427596092,
  "zone_avg_volume_cv": 0.01825307123363018,
  "upper_slope_pct": 0.0,
  "slope_ratio": 0.0,
  "apex_proximity": 0.0,
  "triangle_height_pct": 0.0,
  "breakout_wick_ratio": 0.0,
  "breakout_lag": 0.0,
  "volume_trend": 0.0,
  "zone_close_trend": 0.0
}