{
  "breakout_close_vs_upper": 0.3911629915237427,
  "zone_width": 0.2078661024570465,
  "apex_proximity": 0.12884031236171722,
  "breakout_body_pct": 0.09638053923845291,
  "volume_ratio": 0.07370263338088989,
  "close_position": 0.05994041636586189,
  "upper_slope_pct": 0.04210707172751427,
  "lower_slope_pct": 0.0,
  "slope_ratio": 0.0,
  "triangle_height_pct": 0.0,
  "breakout_wick_ratio": 0.0,
  "breakout_lag": 0.0,
  "volume_trend": 0.0,
  "zone_avg_volume_cv": 0.0,
  "zone_close_trend": 0.0
}